shape_id,lat,lon,shape_pt_sequence,shape_dist_traveled
S2_992_9_60,32.71586990,-117.15287018,10001,0.000000
S2_992_9_60,32.71574020,-117.15287018,10002,0.009000
S2_992_9_60,32.71573257,-117.15378571,10003,0.063000
S2_992_9_60,32.71573257,-117.15406036,10004,0.079000
S2_992_9_60,32.71573257,-117.15406036,20001,0.079000
S2_992_9_60,32.71572876,-117.15470123,20002,0.116000
S2_992_9_60,32.71572113,-117.15560913,20003,0.169000
S2_992_9_60,32.71571732,-117.15652466,20004,0.222000
S2_992_9_60,32.71571350,-117.15724182,20005,0.264000
S2_992_9_60,32.71571350,-117.15724182,30001,0.264000
S2_992_9_60,32.71571350,-117.15743256,30002,0.275000
S2_992_9_60,32.71570969,-117.15834045,30003,0.328000
S2_992_9_60,32.71570587,-117.15926361,30004,0.381000
S2_992_9_60,32.71569824,-117.16004944,30005,0.427000
S2_992_9_60,32.71569824,-117.16004944,40001,0.427000
S2_992_9_60,32.71569824,-117.16015625,40002,0.434000
S2_992_9_60,32.71569443,-117.16107941,40003,0.487000
S2_992_9_60,32.71570206,-117.16198730,40004,0.540000
S2_992_9_60,32.71570969,-117.16279602,40005,0.587000
S2_992_9_60,32.71570969,-117.16279602,50001,0.587000
S2_992_9_60,32.71570969,-117.16290283,50002,0.594000
S2_992_9_60,32.71571732,-117.16382599,50003,0.647000
S2_992_9_60,32.71572113,-117.16471863,50004,0.699000
S2_992_9_60,32.71572113,-117.16538239,50005,0.738000
S2_992_9_60,32.71572113,-117.16538239,60001,0.738000
S2_992_9_60,32.71572113,-117.16561127,60002,0.751000
S2_992_9_60,32.71571732,-117.16648865,60003,0.803000
S2_992_9_60,32.71571732,-117.16725922,60004,0.848000
S2_992_9_60,32.71571732,-117.16725922,70001,0.848000
S2_992_9_60,32.71571732,-117.16737366,70002,0.854000
S2_992_9_60,32.71571732,-117.16828156,70003,0.907000
S2_992_9_60,32.71571732,-117.16893768,70004,0.945000
S2_992_9_60,32.71571732,-117.16893768,80001,0.945000
S2_992_9_60,32.71571350,-117.16916656,80002,0.959000
S2_992_9_60,32.71571350,-117.17006683,80003,1.011000
S2_992_9_60,32.71571350,-117.17109680,80004,1.071000
S2_992_9_60,32.71570969,-117.17178345,80005,1.111000
S2_992_9_60,32.71570969,-117.17178345,90001,1.111000
S2_992_9_60,32.71570969,-117.17310333,90002,1.188000
S2_992_9_60,32.71635818,-117.17310333,90003,1.233000
S2_992_9_60,32.71635818,-117.17310333,100001,1.233000
S2_992_9_60,32.71794510,-117.17310333,100002,1.342000
S2_992_9_60,32.71986771,-117.17310333,100003,1.475000
S2_992_9_60,32.72105026,-117.17309570,100004,1.556000
S2_992_9_60,32.72105026,-117.17309570,110001,1.556000
S2_992_9_60,32.72350311,-117.17308807,110002,1.725000
S2_992_9_60,32.72396851,-117.17311096,110003,1.757000
S2_992_9_60,32.72409439,-117.17312622,110004,1.766000
S2_992_9_60,32.72456741,-117.17322540,110005,1.799000
S2_992_9_60,32.72502899,-117.17340088,110006,1.832000
S2_992_9_60,32.72503662,-117.17340088,110007,1.833000
S2_992_9_60,32.72503662,-117.17340088,120001,1.833000
S2_992_9_60,32.72512817,-117.17344666,120002,1.840000
S2_992_9_60,32.72554779,-117.17368317,120003,1.872000
S2_992_9_60,32.72592163,-117.17395782,120004,1.902000
S2_992_9_60,32.72630310,-117.17430878,120005,1.935000
S2_992_9_60,32.72664261,-117.17470551,120006,1.968000
S2_992_9_60,32.72665405,-117.17472076,120007,1.970000
S2_992_9_60,32.72693634,-117.17514038,120008,2.001000
S2_992_9_60,32.72718048,-117.17559814,120009,2.032000
S2_992_9_60,32.72737885,-117.17607880,120010,2.063000
S2_992_9_60,32.72753143,-117.17658234,120011,2.095000
S2_992_9_60,32.72763824,-117.17713928,120012,2.128000
S2_992_9_60,32.72766876,-117.17739868,120013,2.143000
S2_992_9_60,32.72767639,-117.17817688,120014,2.188000
S2_992_9_60,32.72764206,-117.17876434,120015,2.223000
S2_992_9_60,32.72753143,-117.17964172,120016,2.274000
S2_992_9_60,32.72751617,-117.18018341,120017,2.306000
S2_992_9_60,32.72754288,-117.18071747,120018,2.337000
S2_992_9_60,32.72762299,-117.18128204,120019,2.370000
S2_992_9_60,32.72763824,-117.18135834,120020,2.375000
S2_992_9_60,32.72778320,-117.18189240,120021,2.408000
S2_992_9_60,32.72781372,-117.18199921,120022,2.414000
S2_992_9_60,32.72853470,-117.18415833,120023,2.550000
S2_992_9_60,32.72853470,-117.18415833,130001,2.550000
S2_992_9_60,32.72859955,-117.18434906,130002,2.562000
S2_992_9_60,32.72877121,-117.18505096,130003,2.604000
S2_992_9_60,32.72884750,-117.18550873,130004,2.631000
S2_992_9_60,32.72892380,-117.18623352,130005,2.674000
S2_992_9_60,32.72898483,-117.18753052,130006,2.749000
S2_992_9_60,32.72898483,-117.18753052,140001,2.749000
S2_992_9_60,32.72900391,-117.18792725,140002,2.773000
S2_992_9_60,32.72916412,-117.19097900,140003,2.951000
S2_992_9_60,32.72916794,-117.19108582,140004,2.957000
S2_992_9_60,32.72918701,-117.19145966,140005,2.979000
S2_992_9_60,32.72925949,-117.19277954,140006,3.056000
S2_992_9_60,32.72927475,-117.19299316,140007,3.068000
S2_992_9_60,32.72953415,-117.19419861,140008,3.141000
S2_992_9_60,32.72988129,-117.19469452,140009,3.178000
S2_992_9_60,32.73020172,-117.19507599,140010,3.210000
S2_992_9_60,32.73033142,-117.19521332,140011,3.221000
S2_992_9_60,32.73054886,-117.19541168,140012,3.240000
S2_992_9_60,32.73077393,-117.19563293,140013,3.261000
S2_992_9_60,32.73146057,-117.19652557,140014,3.331000
S2_992_9_60,32.73170090,-117.19678497,140015,3.353000
S2_992_9_60,32.73186874,-117.19703674,140016,3.372000
S2_992_9_60,32.73191833,-117.19717407,140017,3.381000
S2_992_9_60,32.73206329,-117.19778442,140018,3.417000
S2_992_9_60,32.73206329,-117.19778442,150001,3.417000
S2_992_9_60,32.73209763,-117.19792938,150002,3.426000
S2_992_9_60,32.73212814,-117.19809723,150003,3.436000
S2_992_9_60,32.73213577,-117.19826508,150004,3.446000
S2_992_9_60,32.73209763,-117.19860840,150005,3.466000
S2_992_9_60,32.73204041,-117.19882965,150006,3.480000
S2_992_9_60,32.73186874,-117.19944763,150007,3.518000
S2_992_9_60,32.73144150,-117.20133972,150008,3.632000
S2_992_9_60,32.73141098,-117.20145416,150009,3.639000
S2_992_9_60,32.73136902,-117.20163727,150010,3.650000
S2_AIR_9_245,32.75485992,-117.19915009,10001,0.000000
S2_AIR_9_245,32.75462341,-117.19905853,10002,0.017000
S2_AIR_9_245,32.75432205,-117.19895172,10003,0.039000
S2_AIR_9_245,32.75425339,-117.19877625,10004,0.050000
S2_AIR_9_245,32.75435638,-117.19881439,10005,0.058000
S2_AIR_9_245,32.75446320,-117.19882965,10006,0.065000
S2_AIR_9_245,32.75458145,-117.19883728,10007,0.073000
S2_AIR_9_245,32.75465393,-117.19885254,10008,0.078000
S2_AIR_9_245,32.75473022,-117.19886780,10009,0.084000
S2_AIR_9_245,32.75487518,-117.19892120,10010,0.094000
S2_AIR_9_245,32.75501633,-117.19899750,10011,0.105000
S2_AIR_9_245,32.75516510,-117.19909668,10012,0.116000
S2_AIR_9_245,32.75523376,-117.19914246,10013,0.122000
S2_AIR_9_245,32.75529861,-117.19920349,10014,0.127000
S2_AIR_9_245,32.75535583,-117.19926453,10015,0.133000
S2_AIR_9_245,32.75539780,-117.19931030,10016,0.137000
S2_AIR_9_245,32.75550079,-117.19940948,10017,0.146000
S2_AIR_9_245,32.75556946,-117.19952393,10018,0.154000
S2_AIR_9_245,32.75561905,-117.19962311,10019,0.161000
S2_AIR_9_245,32.75558090,-117.19972229,10020,0.167000
S2_AIR_9_245,32.75555801,-117.19988251,10021,0.176000
S2_AIR_9_245,32.75544739,-117.20077515,10022,0.229000
S2_AIR_9_245,32.75541306,-117.20107269,10023,0.247000
S2_AIR_9_245,32.75462341,-117.20091248,10024,0.302000
S2_AIR_9_245,32.75437164,-117.20086670,10025,0.319000
S2_AIR_9_245,32.75421524,-117.20083618,10026,0.330000
S2_AIR_9_245,32.75410461,-117.20081329,10027,0.338000
S2_AIR_9_245,32.75406265,-117.20080566,10028,0.341000
S2_AIR_9_245,32.75319672,-117.20063019,10029,0.401000
S2_AIR_9_245,32.75150681,-117.20029449,10030,0.519000
S2_AIR_9_245,32.75118256,-117.20022583,10031,0.542000
S2_AIR_9_245,32.75043869,-117.20000458,10032,0.595000
S2_AIR_9_245,32.74971771,-117.19972229,10033,0.647000
S2_AIR_9_245,32.74921799,-117.19950104,10034,0.684000
S2_AIR_9_245,32.74876404,-117.19927216,10035,0.718000
S2_AIR_9_245,32.74833679,-117.19898224,10036,0.752000
S2_AIR_9_245,32.74795914,-117.19865417,10037,0.784000
S2_AIR_9_245,32.74761581,-117.19828033,10038,0.817000
S2_AIR_9_245,32.74760437,-117.19826508,10039,0.817000
S2_AIR_9_245,32.74713135,-117.19760132,10040,0.868000
S2_AIR_9_245,32.74615479,-117.19622040,10041,0.973000
S2_AIR_9_245,32.74562454,-117.19543457,10042,1.032000
S2_AIR_9_245,32.74546051,-117.19515228,10043,1.052000
S2_AIR_9_245,32.74469757,-117.19361877,10044,1.155000
S2_AIR_9_245,32.74460983,-117.19343567,10045,1.167000
S2_AIR_9_245,32.74454880,-117.19330597,10046,1.176000
S2_AIR_9_245,32.74430466,-117.19276428,10047,1.212000
S2_AIR_9_245,32.74390411,-117.19197083,10048,1.266000
S2_AIR_9_245,32.74362946,-117.19148254,10049,1.300000
S2_AIR_9_245,32.74334717,-117.19091034,10050,1.338000
S2_AIR_9_245,32.74287033,-117.18987274,10051,1.407000
S2_AIR_9_245,32.74235153,-117.18876648,10052,1.481000
S2_AIR_9_245,32.74182892,-117.18759918,10053,1.558000
S2_AIR_9_245,32.74169540,-117.18729401,10054,1.578000
S2_AIR_9_245,32.74154663,-117.18691254,10055,1.602000
S2_AIR_9_245,32.74023819,-117.18446350,10056,1.771000
S2_AIR_9_245,32.74000549,-117.18471527,10057,1.793000
S2_AIR_9_245,32.73954391,-117.18505859,10058,1.830000
S2_AIR_9_245,32.73920059,-117.18537903,10059,1.860000
S2_AIR_9_245,32.73908615,-117.18557739,10060,1.875000
S2_AIR_9_245,32.73753738,-117.18464661,10061,1.994000
S2_AIR_9_245,32.73636246,-117.18325043,10062,2.109000
S2_AIR_9_245,32.73548126,-117.17942047,10063,2.340000
S2_AIR_9_245,32.73409271,-117.17757416,10064,2.484000
S2_AIR_9_245,32.73298645,-117.17659760,10065,2.579000
S2_AIR_9_245,32.73286438,-117.17649078,10066,2.590000
S2_AIR_9_245,32.73286438,-117.17649078,20001,2.590000
S2_AIR_9_245,32.73221588,-117.17592621,20002,2.645000
S2_AIR_9_245,32.73128891,-117.17493439,20003,2.731000
S2_AIR_9_245,32.72985077,-117.17427063,20004,2.837000
S2_AIR_9_245,32.72817612,-117.17928314,20005,3.151000
S2_AIR_9_245,32.72778320,-117.18189240,20006,3.306000
S2_AIR_9_245,32.72781372,-117.18199921,20007,3.312000
S2_AIR_9_245,32.72859955,-117.18434906,20008,3.460000
S2_AIR_9_245,32.72877121,-117.18505096,20009,3.502000
S2_AIR_9_245,32.72884750,-117.18550873,20010,3.529000
S2_AIR_9_245,32.72892380,-117.18623352,20011,3.572000
S2_AIR_9_245,32.72900391,-117.18792725,20012,3.671000
S2_AIR_9_245,32.72916412,-117.19097900,20013,3.849000
S2_AIR_9_245,32.72916794,-117.19108582,20014,3.855000
S2_AIR_9_245,32.72918701,-117.19145966,20015,3.877000
S2_AIR_9_245,32.72925949,-117.19277954,20016,3.954000
S2_AIR_9_245,32.72927475,-117.19299316,20017,3.966000
S2_AIR_9_245,32.72953415,-117.19419861,20018,4.039000
S2_AIR_9_245,32.72988129,-117.19469452,20019,4.076000
S2_AIR_9_245,32.73020172,-117.19507599,20020,4.108000
S2_AIR_9_245,32.73033142,-117.19521332,20021,4.120000
S2_AIR_9_245,32.73054886,-117.19541168,20022,4.139000
S2_AIR_9_245,32.73077393,-117.19563293,20023,4.159000
S2_AIR_9_245,32.73146057,-117.19652557,20024,4.229000
S2_AIR_9_245,32.73170090,-117.19678497,20025,4.251000
S2_AIR_9_245,32.73186874,-117.19703674,20026,4.270000
S2_AIR_9_245,32.73191833,-117.19717407,20027,4.279000
S2_AIR_9_245,32.73209763,-117.19792938,20028,4.325000
S2_AIR_9_245,32.73212814,-117.19809723,20029,4.335000
S2_AIR_9_245,32.73212814,-117.19811249,20030,4.335000
S2_AIR_9_245,32.73212814,-117.19811249,30001,4.335000
S2_AIR_9_245,32.73213577,-117.19826508,30002,4.344000
S2_AIR_9_245,32.73209763,-117.19860840,30003,4.365000
S2_AIR_9_245,32.73204041,-117.19882965,30004,4.378000
S2_AIR_9_245,32.73186874,-117.19944763,30005,4.416000
S2_AIR_9_245,32.73144150,-117.20133972,30006,4.530000
S2_AIR_9_245,32.73141098,-117.20145416,30007,4.537000
S2_AIR_9_245,32.73129654,-117.20194244,30008,4.566000
S2_AIR_9_245,32.73132324,-117.20336914,30009,4.650000
S2_AIR_9_245,32.73132324,-117.20336914,40001,4.650000
S2_AIR_9_245,32.73133469,-117.20395660,40002,4.684000
S2_AIR_9_245,32.73128510,-117.20413208,40003,4.695000
S2_AIR_9_245,32.73121643,-117.20427704,40004,4.704000
S2_AIR_9_245,32.73114777,-117.20434570,40005,4.710000
S2_AIR_9_245,32.73094940,-117.20445251,40006,4.726000
S2_AIR_9_245,32.73077011,-117.20449829,40007,4.738000
S2_AIR_9_245,32.73056793,-117.20450592,40008,4.752000
S2_AIR_9_245,32.73035431,-117.20444489,40009,4.767000
S2_AIR_9_245,32.73014832,-117.20439148,40010,4.782000
S2_AIR_9_245,32.72993469,-117.20428467,40011,4.798000
S2_AIR_9_245,32.72975159,-117.20411682,40012,4.814000
S2_AIR_9_245,32.72966385,-117.20400238,40013,4.823000
S2_AIR_9_245,32.72957993,-117.20366669,40014,4.843000
S2_AIR_9_245,32.72954941,-117.20330811,40015,4.864000
S2_AIR_9_245,32.72954178,-117.20281982,40016,4.893000
S2_AIR_9_245,32.72954178,-117.20246124,40017,4.913000
S2_AIR_9_245,32.72954559,-117.20164490,40018,4.961000
S2_AIR_9_245,32.72954941,-117.20057678,40019,5.023000
S2_AIR_9_245,32.72965240,-117.19969940,40020,5.075000
S2_AIR_9_245,32.72964859,-117.19879150,40021,5.128000
S2_AIR_9_245,32.72964859,-117.19866180,40022,5.135000
S2_AIR_9_245,32.72961426,-117.19754028,40023,5.200000
S2_AIR_9_245,32.72964859,-117.19635010,40024,5.270000
S2_AIR_9_245,32.72959518,-117.19609070,40025,5.286000
S2_AIR_9_245,32.72946167,-117.19572449,40026,5.309000
S2_AIR_9_245,32.72939682,-117.19558716,40027,5.318000
S2_AIR_9_245,32.72938156,-117.19514465,40028,5.344000
S2_AIR_9_245,32.72937775,-117.19497681,40029,5.354000
S2_AIR_9_245,32.72933578,-117.19416046,40030,5.401000
S2_AIR_9_245,32.72927475,-117.19299316,40031,5.469000
S2_AIR_9_245,32.72925949,-117.19277954,40032,5.482000
S2_AIR_9_245,32.72918701,-117.19145966,40033,5.559000
S2_AIR_9_245,32.72916794,-117.19108582,40034,5.580000
S2_AIR_9_245,32.72916412,-117.19097900,40035,5.587000
S2_AIR_9_245,32.72900391,-117.18792725,40036,5.765000
S2_AIR_9_245,32.72892380,-117.18623352,40037,5.864000
S2_AIR_9_245,32.72884750,-117.18550873,40038,5.906000
S2_AIR_9_245,32.72877121,-117.18505096,40039,5.933000
S2_AIR_9_245,32.72859955,-117.18434906,40040,5.976000
S2_AIR_9_245,32.72781372,-117.18199921,40041,6.123000
S2_AIR_9_245,32.72778320,-117.18189240,40042,6.130000
S2_AIR_9_245,32.72817612,-117.17928314,40043,6.284000
S2_AIR_9_245,32.72985077,-117.17427063,40044,6.598000
S2_AIR_9_245,32.73128891,-117.17493439,40045,6.704000
S2_AIR_9_245,32.73221588,-117.17592621,40046,6.790000
S2_AIR_9_245,32.73284149,-117.17646790,40047,6.844000
S2_AIR_9_245,32.73284149,-117.17646790,50001,6.844000
S2_AIR_9_245,32.73298645,-117.17659760,50002,6.857000
S2_AIR_9_245,32.73409271,-117.17757416,50003,6.951000
S2_AIR_9_245,32.73548126,-117.17942047,50004,7.095000
S2_AIR_9_245,32.73636246,-117.18325043,50005,7.327000
S2_AIR_9_245,32.73753738,-117.18464661,50006,7.441000
S2_AIR_9_245,32.73908615,-117.18557739,50007,7.561000
S2_AIR_9_245,32.73920059,-117.18537903,50008,7.575000
S2_AIR_9_245,32.73954391,-117.18505859,50009,7.605000
S2_AIR_9_245,32.74000549,-117.18471527,50010,7.643000
S2_AIR_9_245,32.74023819,-117.18446350,50011,7.664000
S2_AIR_9_245,32.74028778,-117.18441010,50012,7.669000
S2_AIR_9_245,32.74048233,-117.18427277,50013,7.685000
S2_AIR_9_245,32.74053574,-117.18424225,50014,7.689000
S2_AIR_9_245,32.74070740,-117.18412781,50015,7.702000
S2_AIR_9_245,32.74106979,-117.18499756,50016,7.759000
S2_AIR_9_245,32.74160385,-117.18685913,50017,7.873000
S2_AIR_9_245,32.74187851,-117.18757629,50018,7.919000
S2_AIR_9_245,32.74240875,-117.18872833,50019,7.995000
S2_AIR_9_245,32.74291611,-117.18982697,50020,8.069000
S2_AIR_9_245,32.74339676,-117.19087219,50021,8.138000
S2_AIR_9_245,32.74368286,-117.19146729,50022,8.178000
S2_AIR_9_245,32.74378967,-117.19166565,50023,8.191000
S2_AIR_9_245,32.74395370,-117.19193268,50024,8.211000
S2_AIR_9_245,32.74414063,-117.19227600,50025,8.234000
S2_AIR_9_245,32.74468231,-117.19337463,50026,8.308000
S2_AIR_9_245,32.74480057,-117.19361115,50027,8.325000
S2_AIR_9_245,32.74523163,-117.19450378,50028,8.384000
S2_AIR_9_245,32.74550247,-117.19507599,50029,8.423000
S2_AIR_9_245,32.74564362,-117.19531250,50030,8.440000
S2_AIR_9_245,32.74596405,-117.19583893,50031,8.477000
S2_AIR_9_245,32.74690247,-117.19714355,50032,8.577000
S2_AIR_9_245,32.74719238,-117.19754028,50033,8.608000
S2_AIR_9_245,32.74773788,-117.19830322,50034,8.666000
S2_AIR_9_245,32.74809647,-117.19869232,50035,8.699000
S2_AIR_9_245,32.74848175,-117.19902039,50036,8.732000
S2_AIR_9_245,32.74887848,-117.19928741,50037,8.763000
S2_AIR_9_245,32.74971771,-117.19972229,50038,8.827000
S2_AIR_9_245,32.75043869,-117.20000458,50039,8.879000
S2_AIR_9_245,32.75118256,-117.20022583,50040,8.932000
S2_AIR_9_245,32.75150681,-117.20029449,50041,8.955000
S2_AIR_9_245,32.75319672,-117.20063019,50042,9.072000
S2_AIR_9_245,32.75370789,-117.20073700,50043,9.108000
S2_AIR_9_245,32.75370789,-117.20073700,60001,9.108000
S2_AIR_9_245,32.75406265,-117.20080566,60002,9.133000
S2_AIR_9_245,32.75410461,-117.20081329,60003,9.136000
S2_AIR_9_245,32.75421524,-117.20083618,60004,9.144000
S2_AIR_9_245,32.75437164,-117.20086670,60005,9.155000
S2_AIR_9_245,32.75462341,-117.20091248,60006,9.172000
S2_AIR_9_245,32.75541306,-117.20107269,60007,9.227000
S2_AIR_9_245,32.75544739,-117.20077515,60008,9.245000
S2_AIR_9_245,32.75555801,-117.19988251,60009,9.298000
S2_AIR_9_245,32.75558090,-117.19972229,60010,9.307000
S2_AIR_9_245,32.75561905,-117.19962311,60011,9.313000
S2_AIR_9_245,32.75556946,-117.19952393,60012,9.320000
S2_AIR_9_245,32.75550079,-117.19940948,60013,9.328000
S2_AIR_9_245,32.75539780,-117.19931030,60014,9.337000
S2_AIR_9_245,32.75535583,-117.19926453,60015,9.341000
S2_AIR_9_245,32.75529861,-117.19920349,60016,9.347000
S2_AIR_9_245,32.75515366,-117.19922638,60017,9.357000
S2_AIR_9_245,32.75493622,-117.19917297,60018,9.372000
S2_AIR_9_245,32.75485992,-117.19915009,60019,9.377000
510_0_323,32.54440689,-117.02941132,10001,0.000000
510_0_323,32.54476547,-117.02968597,10002,0.030000
510_0_323,32.54505539,-117.02996063,10003,0.055000
510_0_323,32.54555130,-117.03049469,10004,0.101000
510_0_323,32.54587173,-117.03079224,10005,0.129000
510_0_323,32.54599762,-117.03086853,10006,0.139000
510_0_323,32.54615402,-117.03092957,10007,0.151000
510_0_323,32.54668808,-117.03108978,10008,0.188000
510_0_323,32.54698563,-117.03125000,10009,0.211000
510_0_323,32.54707336,-117.03133392,10010,0.219000
510_0_323,32.54836273,-117.03293610,10011,0.348000
510_0_323,32.55064011,-117.03601837,10012,0.587000
510_0_323,32.55099487,-117.03637695,10013,0.619000
510_0_323,32.55144882,-117.03675842,10014,0.657000
510_0_323,32.55179596,-117.03710175,10015,0.688000
510_0_323,32.55250931,-117.03800964,10016,0.760000
510_0_323,32.55328751,-117.03910065,10017,0.844000
510_0_323,32.55373001,-117.03976440,10018,0.893000
510_0_323,32.55411911,-117.04043579,10019,0.941000
510_0_323,32.55506134,-117.04222107,10020,1.063000
510_0_323,32.55606079,-117.04408264,10021,1.192000
510_0_323,32.55766678,-117.04715729,10022,1.403000
510_0_323,32.55766678,-117.04715729,20001,1.403000
510_0_323,32.56010437,-117.05182648,20002,1.723000
510_0_323,32.56063080,-117.05279541,20003,1.790000
510_0_323,32.56115341,-117.05364227,20004,1.851000
510_0_323,32.56347656,-117.05728149,20005,2.117000
510_0_323,32.56525803,-117.06012726,20006,2.324000
510_0_323,32.56829071,-117.06493378,20007,2.673000
510_0_323,32.56973648,-117.06721497,20008,2.840000
510_0_323,32.56973648,-117.06721497,30001,2.840000
510_0_323,32.57611084,-117.07730865,30002,3.574000
510_0_323,32.57834244,-117.08087921,30003,3.833000
510_0_323,32.57868195,-117.08135223,30004,3.870000
510_0_323,32.57897949,-117.08171844,30005,3.899000
510_0_323,32.57933044,-117.08206940,30006,3.931000
510_0_323,32.57995605,-117.08261108,30007,3.984000
510_0_323,32.58021164,-117.08279419,30008,4.005000
510_0_323,32.58075333,-117.08312225,30009,4.047000
510_0_323,32.58106995,-117.08328247,30010,4.071000
510_0_323,32.58144760,-117.08344269,30011,4.098000
510_0_323,32.58185196,-117.08358002,30012,4.127000
510_0_323,32.58219528,-117.08366394,30013,4.151000
510_0_323,32.58263016,-117.08373260,30014,4.182000
510_0_323,32.58315277,-117.08377838,30015,4.218000
510_0_323,32.58533859,-117.08379364,30016,4.368000
510_0_323,32.58533859,-117.08379364,40001,4.368000
510_0_323,32.58617783,-117.08379364,40002,4.426000
510_0_323,32.58737564,-117.08377075,40003,4.509000
510_0_323,32.59623337,-117.08384705,40004,5.119000
510_0_323,32.59675980,-117.08383179,40005,5.155000
510_0_323,32.59764099,-117.08383942,40006,5.216000
510_0_323,32.59859085,-117.08387756,40007,5.282000
510_0_323,32.59946442,-117.08399963,40008,5.342000
510_0_323,32.60031509,-117.08416748,40009,5.402000
510_0_323,32.60122681,-117.08438873,40010,5.466000
510_0_323,32.60212326,-117.08467865,40011,5.530000
510_0_323,32.60269547,-117.08489990,40012,5.572000
510_0_323,32.60269547,-117.08489990,50001,5.572000
510_0_323,32.61192322,-117.08850861,50002,6.241000
510_0_323,32.61540985,-117.08984375,50003,6.494000
510_0_323,32.61888504,-117.09120178,50004,6.746000
510_0_323,32.62008667,-117.09163666,50005,6.833000
510_0_323,32.62934494,-117.09525299,50006,7.505000
510_0_323,32.63018799,-117.09558868,50007,7.566000
510_0_323,32.63018799,-117.09558868,60001,7.566000
510_0_323,32.63105392,-117.09593201,60002,7.629000
510_0_323,32.63277817,-117.09658051,60003,7.754000
510_0_323,32.63623810,-117.09794617,60004,8.005000
510_0_323,32.63917542,-117.09909058,60005,8.218000
510_0_323,32.63917542,-117.09909058,70001,8.218000
510_0_323,32.64234543,-117.10032654,70002,8.448000
510_0_323,32.64270401,-117.10042572,70003,8.474000
510_0_323,32.64317322,-117.10050201,70004,8.506000
510_0_323,32.64607620,-117.10086823,70005,8.707000
510_0_323,32.64804077,-117.10121155,70006,8.844000
510_0_323,32.64881134,-117.10138702,70007,8.898000
510_0_323,32.64951324,-117.10161591,70008,8.948000
510_0_323,32.65045547,-117.10198975,70009,9.017000
510_0_323,32.65140915,-117.10234070,70010,9.086000
510_0_323,32.65268707,-117.10289764,70011,9.180000
510_0_323,32.65314865,-117.10321808,70012,9.216000
510_0_323,32.65357208,-117.10360718,70013,9.253000
510_0_323,32.65465164,-117.10476685,70014,9.354000
510_0_323,32.65494537,-117.10504150,70015,9.380000
510_0_323,32.65555191,-117.10547638,70016,9.429000
510_0_323,32.65584946,-117.10564423,70017,9.451000
510_0_323,32.66024017,-117.10740662,70018,9.771000
510_0_323,32.66215897,-117.10814667,70019,9.910000
510_0_323,32.66215897,-117.10814667,80001,9.910000
510_0_323,32.66556168,-117.10946655,80002,10.157000
510_0_323,32.66987228,-117.11109161,80003,10.469000
510_0_323,32.67417145,-117.11279297,80004,10.781000
510_0_323,32.67482376,-117.11304474,80005,10.828000
510_0_323,32.67482376,-117.11304474,90001,10.828000
510_0_323,32.67692184,-117.11386108,90002,10.980000
510_0_323,32.67776489,-117.11420441,90003,11.042000
510_0_323,32.67816544,-117.11439514,90004,11.072000
510_0_323,32.67846680,-117.11457062,90005,11.095000
510_0_323,32.67880630,-117.11479950,90006,11.122000
510_0_323,32.67911148,-117.11505890,90007,11.148000
510_0_323,32.67956161,-117.11550140,90008,11.188000
510_0_323,32.67980576,-117.11578369,90009,11.212000
510_0_323,32.68072510,-117.11709595,90010,11.311000
510_0_323,32.68626404,-117.12509918,90011,11.913000
510_0_323,32.68626404,-117.12509918,100001,11.913000
510_0_323,32.69035721,-117.13101196,100002,12.359000
510_0_323,32.69070435,-117.13159943,100003,12.401000
510_0_323,32.69091797,-117.13201141,100004,12.428000
510_0_323,32.69111633,-117.13244629,100005,12.458000
510_0_323,32.69128418,-117.13287354,100006,12.485000
510_0_323,32.69141388,-117.13323975,100007,12.508000
510_0_323,32.69141388,-117.13323975,110001,12.508000
510_0_323,32.69156647,-117.13368225,110002,12.536000
510_0_323,32.69177246,-117.13455963,110003,12.589000
510_0_323,32.69186783,-117.13507843,110004,12.620000
510_0_323,32.69202423,-117.13631439,110005,12.693000
510_0_323,32.69219208,-117.13719940,110006,12.746000
510_0_323,32.69230270,-117.13763428,110007,12.772000
510_0_323,32.69244385,-117.13805389,110008,12.798000
510_0_323,32.69261169,-117.13851166,110009,12.827000
510_0_323,32.69282913,-117.13892365,110010,12.856000
510_0_323,32.69309616,-117.13938904,110011,12.888000
510_0_323,32.69473648,-117.14176178,110012,13.067000
510_0_323,32.69525146,-117.14258575,110013,13.127000
510_0_323,32.69764709,-117.14603424,110014,13.387000
510_0_323,32.69810104,-117.14668274,110015,13.436000
510_0_323,32.69810104,-117.14668274,120001,13.436000
510_0_323,32.69896698,-117.14794159,120002,13.531000
510_0_323,32.70112228,-117.15103149,120003,13.764000
510_0_323,32.70209503,-117.15232849,120004,13.865000
510_0_323,32.70246124,-117.15277863,120005,13.901000
510_0_323,32.70273209,-117.15301514,120006,13.925000
510_0_323,32.70285797,-117.15309143,120007,13.934000
510_0_323,32.70305634,-117.15316772,120008,13.949000
510_0_323,32.70323944,-117.15319824,120009,13.961000
510_0_323,32.70423126,-117.15313721,120010,14.030000
510_0_323,32.70448685,-117.15309143,120011,14.047000
510_0_323,32.70486450,-117.15294647,120012,14.075000
510_0_323,32.70507050,-117.15290833,120013,14.089000
510_0_323,32.70523071,-117.15293121,120014,14.100000
510_0_323,32.70561981,-117.15313721,120015,14.130000
510_0_323,32.70574951,-117.15321350,120016,14.140000
510_0_323,32.70574951,-117.15321350,130001,14.140000
510_0_323,32.70620728,-117.15347290,130002,14.175000
510_0_323,32.70655441,-117.15365601,130003,14.201000
510_0_323,32.70666122,-117.15368652,130004,14.209000
510_0_323,32.70681763,-117.15370941,130005,14.219000
510_0_323,32.70762634,-117.15370941,130006,14.275000
510_0_323,32.70850754,-117.15370941,130007,14.336000
510_0_323,32.71122360,-117.15372467,130008,14.523000
510_0_323,32.71122360,-117.15372467,140001,14.523000
510_0_323,32.71215057,-117.15373230,140002,14.587000
510_0_323,32.71563721,-117.15377045,140003,14.827000
510_0_323,32.71570587,-117.15379333,140004,14.832000
510_0_323,32.71661758,-117.15449524,140005,14.907000
510_0_323,32.71661758,-117.15449524,150001,14.907000
510_0_323,32.71665573,-117.15452576,150002,14.910000
510_0_323,32.71671295,-117.15458679,150003,14.916000
510_0_323,32.71673584,-117.15465546,150004,14.920000
510_0_323,32.71673965,-117.15497589,150005,14.938000
510_0_323,32.71672440,-117.15598297,150006,14.997000
510_0_323,32.71672821,-117.15658569,150007,15.032000
510_0_323,32.71675491,-117.15703583,150008,15.058000
510_0_323,32.71674347,-117.15985870,150009,15.223000
510_0_323,32.71674347,-117.15985870,160001,15.223000
510_0_323,32.71673203,-117.16258240,160002,15.381000
510_0_323,32.71673203,-117.16258240,170001,15.381000
510_0_323,32.71671295,-117.16661835,170002,15.617000
510_0_323,32.71672440,-117.16742706,170003,15.664000
510_0_323,32.71675491,-117.16829681,170004,15.714000
510_0_323,32.71675491,-117.16851044,170005,15.727000
510_0_323,32.71670914,-117.16863251,170006,15.735000
510_0_323,32.71665573,-117.16869354,170007,15.740000
510_0_323,32.71644211,-117.16880798,170008,15.756000
530_2_337,32.70521164,-117.15375519,10001,0.000000
530_2_337,32.70520401,-117.15582275,10002,0.120000
530_2_337,32.70521927,-117.15623474,10003,0.145000
530_2_337,32.70528793,-117.15666199,10004,0.170000
530_2_337,32.70540619,-117.15703583,10005,0.193000
530_2_337,32.70553589,-117.15731049,10006,0.211000
530_2_337,32.70690918,-117.15977478,10007,0.384000
530_2_337,32.70690918,-117.15977478,20001,0.384000
530_2_337,32.70719147,-117.16027832,20002,0.419000
530_2_337,32.70903397,-117.16362000,20003,0.651000
530_2_337,32.70903397,-117.16362000,30001,0.651000
530_2_337,32.70909119,-117.16372681,30002,0.659000
530_2_337,32.70926285,-117.16409302,30003,0.683000
530_2_337,32.71016312,-117.16581726,30004,0.801000
530_2_337,32.71109390,-117.16750336,30005,0.918000
530_2_337,32.71121979,-117.16770172,30006,0.933000
530_2_337,32.71153259,-117.16814423,30007,0.966000
530_2_337,32.71186066,-117.16851807,30008,0.997000
530_2_337,32.71208954,-117.16873169,30009,1.018000
530_2_337,32.71208954,-117.16873169,40001,1.018000
530_2_337,32.71224213,-117.16887665,40002,1.031000
530_2_337,32.71249390,-117.16906738,40003,1.052000
530_2_337,32.71283722,-117.16929626,40004,1.079000
530_2_337,32.71322632,-117.16949463,40005,1.108000
530_2_337,32.71364975,-117.16965485,40006,1.139000
530_2_337,32.71438599,-117.16984558,40007,1.191000
530_2_337,32.71480942,-117.16991425,40008,1.220000
530_2_337,32.71532822,-117.16992950,40009,1.256000
530_2_337,32.71559525,-117.16991425,40010,1.274000
530_2_337,32.71577454,-117.16992950,40011,1.287000
530_2_337,32.71600342,-117.16992188,40012,1.303000
530_2_337,32.71643066,-117.16983032,40013,1.332000
530_2_337,32.71736908,-117.16982269,40014,1.397000
530_2_337,32.71736908,-117.16982269,50001,1.397000
530_2_337,32.71740723,-117.16982269,50002,1.400000
530_2_337,32.71826553,-117.16983795,50003,1.459000
530_2_337,32.71981430,-117.16992188,50004,1.566000
530_2_337,32.72132111,-117.16991425,50005,1.670000
530_2_337,32.72132111,-117.16991425,60001,1.670000
530_2_337,32.72173309,-117.16990662,60002,1.698000
530_2_337,32.72297287,-117.17002106,60003,1.784000
530_2_337,32.72344971,-117.17011261,60004,1.817000
530_2_337,32.72402573,-117.17024994,60005,1.857000
530_2_337,32.72612381,-117.17106628,60006,2.010000
530_2_337,32.72938538,-117.17249298,60007,2.249000
530_2_337,32.73165512,-117.17351532,60008,2.417000
530_2_337,32.73242188,-117.17391968,60009,2.475000
530_2_337,32.73274231,-117.17414856,60010,2.500000
530_2_337,32.73333740,-117.17462921,60011,2.550000
530_2_337,32.73333740,-117.17462921,70001,2.550000
530_2_337,32.73349762,-117.17476654,70002,2.563000
530_2_337,32.73508835,-117.17613220,70003,2.699000
530_2_337,32.73677826,-117.17767334,70004,2.846000
530_2_337,32.73748016,-117.17826843,70005,2.906000
530_2_337,32.73829269,-117.17906952,70006,2.979000
530_2_337,32.73850632,-117.17930603,70007,2.999000
530_2_337,32.73879623,-117.17966461,70008,3.028000
530_2_337,32.73921967,-117.18023682,70009,3.072000
530_2_337,32.73958588,-117.18077087,70010,3.112000
530_2_337,32.74008560,-117.18155670,70011,3.169000
530_2_337,32.74047470,-117.18222046,70012,3.216000
530_2_337,32.74129105,-117.18373108,70013,3.321000
530_2_337,32.74158859,-117.18430328,70014,3.360000
530_2_337,32.74158859,-117.18430328,80001,3.360000
530_2_337,32.74519348,-117.19122314,80002,3.833000
530_2_337,32.74570847,-117.19215393,80003,3.898000
530_2_337,32.74615097,-117.19288635,80004,3.950000
530_2_337,32.74689484,-117.19380188,80005,4.024000
530_2_337,32.74729919,-117.19422150,80006,4.061000
530_2_337,32.75028992,-117.19685364,80007,4.318000
530_2_337,32.75056839,-117.19708252,80008,4.342000
530_2_337,32.75177002,-117.19811249,80009,4.444000
530_2_337,32.75213623,-117.19838715,80010,4.474000
530_2_337,32.75250626,-117.19861603,80011,4.503000
530_2_337,32.75339508,-117.19894409,80012,4.567000
530_2_337,32.75383377,-117.19912720,80013,4.599000
530_2_337,32.75474167,-117.19955444,80014,4.666000
530_2_337,32.75497055,-117.19963837,80015,4.682000
530_2_337,32.75515747,-117.19970703,80016,4.696000
530_2_337,32.75515747,-117.19970703,90001,4.696000
530_2_337,32.75954819,-117.20124817,90002,5.012000
530_2_337,32.75954819,-117.20124817,100001,5.012000
530_2_337,32.75963593,-117.20127869,100002,5.018000
530_2_337,32.75986481,-117.20134735,100003,5.034000
530_2_337,32.76016235,-117.20143890,100004,5.055000
530_2_337,32.76069260,-117.20154572,100005,5.092000
530_2_337,32.76120377,-117.20153809,100006,5.128000
530_2_337,32.76170349,-117.20138550,100007,5.163000
530_2_337,32.76216125,-117.20110321,100008,5.199000
530_2_337,32.76255417,-117.20070648,100009,5.234000
530_2_337,32.76272964,-117.20044708,100010,5.254000
530_2_337,32.76286697,-117.20019531,100011,5.271000
530_2_337,32.76300812,-117.19984436,100012,5.294000
530_2_337,32.76322937,-117.19913483,100013,5.338000
530_2_337,32.76335526,-117.19867706,100014,5.366000
530_2_337,32.76343536,-117.19824219,100015,5.392000
530_2_337,32.76354980,-117.19615173,100016,5.514000
530_2_337,32.76354980,-117.19615173,110001,5.514000
530_2_337,32.76356888,-117.19582367,110002,5.533000
530_2_337,32.76356506,-117.19562531,110003,5.544000
530_2_337,32.76354218,-117.19547272,110004,5.553000
530_2_337,32.76349640,-117.19531250,110005,5.563000
530_2_337,32.76337814,-117.19510651,110006,5.578000
530_2_337,32.76287460,-117.19445038,110007,5.630000
530_2_337,32.76254272,-117.19396210,110008,5.666000
530_2_337,32.76238632,-117.19366455,110009,5.687000
530_2_337,32.76222229,-117.19326019,110010,5.712000
530_2_337,32.76213455,-117.19296265,110011,5.731000
530_2_337,32.76206589,-117.19261932,110012,5.751000
530_2_337,32.76201630,-117.19223785,110013,5.774000
530_2_337,32.76200867,-117.19186401,110014,5.796000
530_2_337,32.76208115,-117.19124603,110015,5.832000
530_2_337,32.76288986,-117.18764496,110016,6.049000
530_2_337,32.76321411,-117.18611908,110017,6.141000
530_2_337,32.76358414,-117.18466187,110018,6.229000
530_2_337,32.76442337,-117.18151855,110019,6.421000
530_2_337,32.76448441,-117.18107605,110020,6.447000
530_2_337,32.76452255,-117.18050385,110021,6.480000
530_2_337,32.76452637,-117.17967224,110022,6.529000
530_2_337,32.76454926,-117.17914581,110023,6.559000
530_2_337,32.76462555,-117.17835236,110024,6.606000
530_2_337,32.76473236,-117.17776489,110025,6.641000
530_2_337,32.76488495,-117.17717743,110026,6.677000
530_2_337,32.76506042,-117.17661285,110027,6.712000
530_2_337,32.76567459,-117.17490387,110028,6.820000
530_2_337,32.76576233,-117.17450714,110029,6.844000
530_2_337,32.76579666,-117.17404175,110030,6.871000
530_2_337,32.76577759,-117.17371368,110031,6.890000
530_2_337,32.76539230,-117.17182159,110032,7.004000
530_2_337,32.76524734,-117.17112732,110033,7.045000
530_2_337,32.76519775,-117.17077637,110034,7.066000
530_2_337,32.76518250,-117.17045593,110035,7.085000
530_2_337,32.76519012,-117.17019653,110036,7.100000
530_2_337,32.76525116,-117.16979218,110037,7.124000
530_2_337,32.76554108,-117.16857147,110038,7.198000
530_2_337,32.76554108,-117.16857147,120001,7.198000
530_2_337,32.76568604,-117.16794586,120002,7.235000
530_2_337,32.76598358,-117.16690063,120003,7.300000
530_2_337,32.76677704,-117.16449738,120004,7.450000
530_2_337,32.76696396,-117.16404724,120005,7.479000
530_2_337,32.76741409,-117.16310883,120006,7.542000
530_2_337,32.76760483,-117.16262054,120007,7.573000
530_2_337,32.76789093,-117.16178894,120008,7.625000
530_2_337,32.76800919,-117.16149139,120009,7.645000
530_2_337,32.76828766,-117.16094208,120010,7.682000
530_2_337,32.76861572,-117.16041565,120011,7.720000
530_2_337,32.76881409,-117.16014862,120012,7.741000
530_2_337,32.76978302,-117.15902710,120013,7.834000
530_2_337,32.77006149,-117.15864563,120014,7.863000
530_2_337,32.77021027,-117.15834808,120015,7.883000
530_2_337,32.77031708,-117.15807343,120016,7.901000
530_2_337,32.77041626,-117.15771484,120017,7.923000
530_2_337,32.77041626,-117.15771484,130001,7.923000
530_2_337,32.77053833,-117.15729523,130002,7.949000
530_2_337,32.77058411,-117.15705872,130003,7.963000
530_2_337,32.77063370,-117.15657806,130004,7.991000
530_2_337,32.77061462,-117.15628052,130005,8.009000
530_2_337,32.77058792,-117.15605164,130006,8.022000
530_2_337,32.77052307,-117.15579224,130007,8.038000
530_2_337,32.77013779,-117.15479279,130008,8.102000
530_2_337,32.77003098,-117.15445709,130009,8.123000
530_2_337,32.76996613,-117.15421295,130010,8.138000
530_2_337,32.76992798,-117.15392303,130011,8.155000
530_2_337,32.76990891,-117.15362549,130012,8.172000
530_2_337,32.76990891,-117.15339661,130013,8.185000
530_2_337,32.76999664,-117.15293121,130014,8.213000
530_2_337,32.77009583,-117.15257263,130015,8.235000
530_2_337,32.77050781,-117.15158844,130016,8.299000
530_2_337,32.77067184,-117.15122986,130017,8.323000
530_2_337,32.77103043,-117.15019226,130018,8.388000
530_2_337,32.77108383,-117.14998627,130019,8.401000
530_2_337,32.77117157,-117.14939880,130020,8.435000
530_2_337,32.77117157,-117.14939880,140001,8.435000
530_2_337,32.77120590,-117.14916229,140002,8.449000
530_2_337,32.77148056,-117.14657593,140003,8.601000
530_2_337,32.77155304,-117.14618683,140004,8.624000
530_2_337,32.77173233,-117.14558411,140005,8.662000
530_2_337,32.77210617,-117.14477539,140006,8.715000
530_2_337,32.77220154,-117.14460754,140007,8.727000
530_2_337,32.77234650,-117.14439392,140008,8.743000
530_2_337,32.77299500,-117.14356232,140009,8.809000
530_2_337,32.77318192,-117.14327240,140010,8.830000
530_2_337,32.77335739,-117.14287567,140011,8.856000
530_2_337,32.77357483,-117.14205933,140012,8.906000
530_2_337,32.77374268,-117.14130402,140013,8.951000
530_2_337,32.77374268,-117.14130402,150001,8.951000
530_2_337,32.77383423,-117.14089203,150002,8.976000
530_2_337,32.77395248,-117.14019012,150003,9.018000
530_2_337,32.77403259,-117.13959503,150004,9.053000
530_2_337,32.77418137,-117.13890076,150005,9.095000
530_2_337,32.77495956,-117.13553619,150006,9.297000
530_2_337,32.77505875,-117.13500977,150007,9.329000
530_2_337,32.77519608,-117.13394928,150008,9.391000
530_2_337,32.77527618,-117.13349915,150009,9.418000
530_2_337,32.77539063,-117.13309479,150010,9.443000
530_2_337,32.77642822,-117.13001251,150011,9.636000
530_2_337,32.77662277,-117.12945557,150012,9.671000
530_2_337,32.77680969,-117.12901306,150013,9.700000
530_2_337,32.77707291,-117.12856293,150014,9.732000
530_2_337,32.77746201,-117.12804413,150015,9.772000
530_2_337,32.77862167,-117.12673950,150016,9.883000
530_2_337,32.77864456,-117.12671661,150017,9.885000
530_2_337,32.77864456,-117.12671661,160001,9.885000
530_2_337,32.77910233,-117.12622833,160002,9.927000
530_2_337,32.77945709,-117.12572479,160003,9.965000
530_2_337,32.77980042,-117.12503052,160004,10.012000
530_2_337,32.78008652,-117.12420654,160005,10.064000
530_2_337,32.78042221,-117.12319183,160006,10.128000
530_2_337,32.78059387,-117.12262726,160007,10.163000
530_2_337,32.78071976,-117.12207031,160008,10.196000
530_2_337,32.78081512,-117.12147522,160009,10.231000
530_2_337,32.78095245,-117.11957550,160010,10.342000
530_2_337,32.78099442,-117.11907196,160011,10.372000
